[
    {
        "name": "Zelenia Mann",
        "id": 1,
        "score": 256,
        "grade": "D",
        "percentage": 42.67
    },
    {
        "name": "Addison Crawford",
        "id": 2,
        "score": 305,
        "grade": "C",
        "percentage": 50.83
    },
    {
        "name": "Fulton Spencer",
        "id": 3,
        "score": 375,
        "grade": "C",
        "percentage": 62.5
    },
    {
        "name": "Mark Alvarez",
        "id": 4,
        "score": 106,
        "grade": "E",
        "percentage": 17.67
    },
    {
        "name": "Joelle Moody",
        "id": 5,
        "score": 599,
        "grade": "A",
        "percentage": 99.83
    },
    {
        "name": "Nomlanga Pollard",
        "id": 6,
        "score": 103,
        "grade": "E",
        "percentage": 17.17
    },
    {
        "name": "Charlotte Turner",
        "id": 7,
        "score": 391,
        "grade": "C",
        "percentage": 65.17
    },
    {
        "name": "Constance Faulkner",
        "id": 8,
        "score": 373,
        "grade": "C",
        "percentage": 62.17
    },
    {
        "name": "Summer Sheppard",
        "id": 9,
        "score": 197,
        "grade": "E",
        "percentage": 32.83
    },
    {
        "name": "Hall Fitzpatrick",
        "id": 10,
        "score": 474,
        "grade": "B",
        "percentage": 79
    },
    {
        "name": "Elizabeth Jenkins",
        "id": 11,
        "score": 252,
        "grade": "D",
        "percentage": 42
    },
    {
        "name": "Lacy Morton",
        "id": 12,
        "score": 513,
        "grade": "A",
        "percentage": 85.5
    },
    {
        "name": "Boris Cruz",
        "id": 13,
        "score": 498,
        "grade": "B",
        "percentage": 83
    },
    {
        "name": "Roth Lucas",
        "id": 14,
        "score": 293,
        "grade": "D",
        "percentage": 48.83
    },
    {
        "name": "Lavinia Rojas",
        "id": 15,
        "score": 408,
        "grade": "B",
        "percentage": 68
    },
    {
        "name": "Leslie Gould",
        "id": 16,
        "score": 224,
        "grade": "D",
        "percentage": 37.33
    },
    {
        "name": "Benedict Sutton",
        "id": 17,
        "score": 227,
        "grade": "D",
        "percentage": 37.83
    },
    {
        "name": "Rooney Greer",
        "id": 18,
        "score": 190,
        "grade": "E",
        "percentage": 31.67
    },
    {
        "name": "Bradley Ayers",
        "id": 19,
        "score": 114,
        "grade": "E",
        "percentage": 19
    },
    {
        "name": "Ulric Kinney",
        "id": 20,
        "score": 183,
        "grade": "E",
        "percentage": 30.5
    },
    {
        "name": "Rhiannon Mason",
        "id": 21,
        "score": 196,
        "grade": "E",
        "percentage": 32.67
    },
    {
        "name": "Kyla Bruce",
        "id": 22,
        "score": 172,
        "grade": "E",
        "percentage": 28.67
    },
    {
        "name": "Declan Montgomery",
        "id": 23,
        "score": 511,
        "grade": "A",
        "percentage": 85.17
    },
    {
        "name": "Danielle Sawyer",
        "id": 24,
        "score": 287,
        "grade": "D",
        "percentage": 47.83
    },
    {
        "name": "Maya Shelton",
        "id": 25,
        "score": 512,
        "grade": "A",
        "percentage": 85.33
    },
    {
        "name": "Trevor Moody",
        "id": 26,
        "score": 426,
        "grade": "B",
        "percentage": 71
    },
    {
        "name": "Erin Stokes",
        "id": 27,
        "score": 139,
        "grade": "E",
        "percentage": 23.17
    },
    {
        "name": "Amela Delaney",
        "id": 28,
        "score": 489,
        "grade": "B",
        "percentage": 81.5
    },
    {
        "name": "Norman Fitzgerald",
        "id": 29,
        "score": 290,
        "grade": "D",
        "percentage": 48.33
    },
    {
        "name": "Dominique Hebert",
        "id": 30,
        "score": 220,
        "grade": "D",
        "percentage": 36.67
    },
    {
        "name": "Leilani Willis",
        "id": 31,
        "score": 562,
        "grade": "A",
        "percentage": 93.67
    },
    {
        "name": "Brenda Logan",
        "id": 32,
        "score": 136,
        "grade": "E",
        "percentage": 22.67
    },
    {
        "name": "Lucy Petty",
        "id": 33,
        "score": 176,
        "grade": "E",
        "percentage": 29.33
    },
    {
        "name": "Tad Wall",
        "id": 34,
        "score": 487,
        "grade": "B",
        "percentage": 81.17
    },
    {
        "name": "Delilah Wilkinson",
        "id": 35,
        "score": 364,
        "grade": "C",
        "percentage": 60.67
    },
    {
        "name": "Velma Vaughn",
        "id": 36,
        "score": 141,
        "grade": "E",
        "percentage": 23.5
    },
    {
        "name": "Gretchen Erickson",
        "id": 37,
        "score": 104,
        "grade": "E",
        "percentage": 17.33
    },
    {
        "name": "Josiah Winters",
        "id": 38,
        "score": 205,
        "grade": "D",
        "percentage": 34.17
    },
    {
        "name": "Fulton Cooke",
        "id": 39,
        "score": 480,
        "grade": "B",
        "percentage": 80
    },
    {
        "name": "Kiona Burch",
        "id": 40,
        "score": 140,
        "grade": "E",
        "percentage": 23.33
    },
    {
        "name": "Marshall Salinas",
        "id": 41,
        "score": 366,
        "grade": "C",
        "percentage": 61
    },
    {
        "name": "Hiroko Hebert",
        "id": 42,
        "score": 199,
        "grade": "E",
        "percentage": 33.17
    },
    {
        "name": "Quin Perry",
        "id": 43,
        "score": 168,
        "grade": "E",
        "percentage": 28
    },
    {
        "name": "Addison Ayala",
        "id": 44,
        "score": 299,
        "grade": "D",
        "percentage": 49.83
    },
    {
        "name": "Hedwig Bailey",
        "id": 45,
        "score": 229,
        "grade": "D",
        "percentage": 38.17
    },
    {
        "name": "Margaret Tillman",
        "id": 46,
        "score": 153,
        "grade": "E",
        "percentage": 25.5
    },
    {
        "name": "Price Mccormick",
        "id": 47,
        "score": 128,
        "grade": "E",
        "percentage": 21.33
    },
    {
        "name": "Rhonda Casey",
        "id": 48,
        "score": 260,
        "grade": "D",
        "percentage": 43.33
    },
    {
        "name": "Alyssa Avila",
        "id": 49,
        "score": 236,
        "grade": "D",
        "percentage": 39.33
    },
    {
        "name": "Brock Bender",
        "id": 50,
        "score": 335,
        "grade": "C",
        "percentage": 55.83
    },
    {
        "name": "Azalia Tucker",
        "id": 51,
        "score": 315,
        "grade": "C",
        "percentage": 52.5
    },
    {
        "name": "Kyla Knowles",
        "id": 52,
        "score": 360,
        "grade": "C",
        "percentage": 60
    },
    {
        "name": "Howard Lambert",
        "id": 53,
        "score": 294,
        "grade": "D",
        "percentage": 49
    },
    {
        "name": "Raya Whitney",
        "id": 54,
        "score": 454,
        "grade": "B",
        "percentage": 75.67
    },
    {
        "name": "Guy Tucker",
        "id": 55,
        "score": 316,
        "grade": "C",
        "percentage": 52.67
    },
    {
        "name": "Talon Tucker",
        "id": 56,
        "score": 274,
        "grade": "D",
        "percentage": 45.67
    },
    {
        "name": "Beverly Payne",
        "id": 57,
        "score": 484,
        "grade": "B",
        "percentage": 80.67
    },
    {
        "name": "Kameko Gomez",
        "id": 58,
        "score": 386,
        "grade": "C",
        "percentage": 64.33
    },
    {
        "name": "Malcolm Chan",
        "id": 59,
        "score": 353,
        "grade": "C",
        "percentage": 58.83
    },
    {
        "name": "Chancellor Haley",
        "id": 60,
        "score": 161,
        "grade": "E",
        "percentage": 26.83
    },
    {
        "name": "Ira Hodges",
        "id": 61,
        "score": 205,
        "grade": "D",
        "percentage": 34.17
    },
    {
        "name": "Lenore Jacobs",
        "id": 62,
        "score": 227,
        "grade": "D",
        "percentage": 37.83
    },
    {
        "name": "Alyssa Sims",
        "id": 63,
        "score": 587,
        "grade": "A",
        "percentage": 97.83
    },
    {
        "name": "Garrett Ware",
        "id": 64,
        "score": 344,
        "grade": "C",
        "percentage": 57.33
    },
    {
        "name": "Alan Valentine",
        "id": 65,
        "score": 124,
        "grade": "E",
        "percentage": 20.67
    },
    {
        "name": "Amethyst House",
        "id": 66,
        "score": 133,
        "grade": "E",
        "percentage": 22.17
    },
    {
        "name": "Brendan Dalton",
        "id": 67,
        "score": 584,
        "grade": "A",
        "percentage": 97.33
    },
    {
        "name": "Joy Chase",
        "id": 68,
        "score": 492,
        "grade": "B",
        "percentage": 82
    },
    {
        "name": "Arden Webster",
        "id": 69,
        "score": 532,
        "grade": "A",
        "percentage": 88.67
    },
    {
        "name": "Xantha Mcbride",
        "id": 70,
        "score": 428,
        "grade": "B",
        "percentage": 71.33
    },
    {
        "name": "Knox Mccarthy",
        "id": 71,
        "score": 338,
        "grade": "C",
        "percentage": 56.33
    },
    {
        "name": "Yen Chapman",
        "id": 72,
        "score": 359,
        "grade": "C",
        "percentage": 59.83
    },
    {
        "name": "Selma Gordon",
        "id": 73,
        "score": 353,
        "grade": "C",
        "percentage": 58.83
    },
    {
        "name": "Ross Matthews",
        "id": 74,
        "score": 316,
        "grade": "C",
        "percentage": 52.67
    },
    {
        "name": "Erin Mullen",
        "id": 75,
        "score": 556,
        "grade": "A",
        "percentage": 92.67
    },
    {
        "name": "Chadwick Bean",
        "id": 76,
        "score": 335,
        "grade": "C",
        "percentage": 55.83
    },
    {
        "name": "Sharon Waller",
        "id": 77,
        "score": 171,
        "grade": "E",
        "percentage": 28.5
    },
    {
        "name": "Ronan Gonzalez",
        "id": 78,
        "score": 377,
        "grade": "C",
        "percentage": 62.83
    },
    {
        "name": "Nolan Franco",
        "id": 79,
        "score": 121,
        "grade": "E",
        "percentage": 20.17
    },
    {
        "name": "Otto Robertson",
        "id": 80,
        "score": 121,
        "grade": "E",
        "percentage": 20.17
    },
    {
        "name": "Ferris Cole",
        "id": 81,
        "score": 543,
        "grade": "A",
        "percentage": 90.5
    },
    {
        "name": "Prescott Meyers",
        "id": 82,
        "score": 415,
        "grade": "B",
        "percentage": 69.17
    },
    {
        "name": "Ishmael Pruitt",
        "id": 83,
        "score": 170,
        "grade": "E",
        "percentage": 28.33
    },
    {
        "name": "Adrienne Aguilar",
        "id": 84,
        "score": 418,
        "grade": "B",
        "percentage": 69.67
    },
    {
        "name": "Wayne Shannon",
        "id": 85,
        "score": 362,
        "grade": "C",
        "percentage": 60.33
    },
    {
        "name": "Ethan Owens",
        "id": 86,
        "score": 271,
        "grade": "D",
        "percentage": 45.17
    },
    {
        "name": "Willa Cruz",
        "id": 87,
        "score": 176,
        "grade": "E",
        "percentage": 29.33
    },
    {
        "name": "Stephanie Nash",
        "id": 88,
        "score": 387,
        "grade": "C",
        "percentage": 64.5
    },
    {
        "name": "Halla Fry",
        "id": 89,
        "score": 251,
        "grade": "D",
        "percentage": 41.83
    },
    {
        "name": "Jenette Trevino",
        "id": 90,
        "score": 273,
        "grade": "D",
        "percentage": 45.5
    },
    {
        "name": "Tanya Pate",
        "id": 91,
        "score": 392,
        "grade": "C",
        "percentage": 65.33
    },
    {
        "name": "Uta Kennedy",
        "id": 92,
        "score": 155,
        "grade": "E",
        "percentage": 25.83
    },
    {
        "name": "Cathleen Harris",
        "id": 93,
        "score": 194,
        "grade": "E",
        "percentage": 32.33
    },
    {
        "name": "Henry Holden",
        "id": 94,
        "score": 152,
        "grade": "E",
        "percentage": 25.33
    },
    {
        "name": "Cedric Chandler",
        "id": 95,
        "score": 205,
        "grade": "D",
        "percentage": 34.17
    },
    {
        "name": "Quintessa Blevins",
        "id": 96,
        "score": 256,
        "grade": "D",
        "percentage": 42.67
    },
    {
        "name": "Fletcher Hamilton",
        "id": 97,
        "score": 574,
        "grade": "A",
        "percentage": 95.67
    },
    {
        "name": "Rudyard Thomas",
        "id": 98,
        "score": 159,
        "grade": "E",
        "percentage": 26.5
    },
    {
        "name": "Kieran Gates",
        "id": 99,
        "score": 592,
        "grade": "A",
        "percentage": 98.67
    },
    {
        "name": "Coby Terrell",
        "id": 100,
        "score": 314,
        "grade": "C",
        "percentage": 52.33
    },
    {
        "name": "Wylie Barrett",
        "id": 101,
        "score": 198,
        "grade": "E",
        "percentage": 33
    },
    {
        "name": "Elton Cohen",
        "id": 102,
        "score": 383,
        "grade": "C",
        "percentage": 63.83
    },
    {
        "name": "Rhona Mckinney",
        "id": 103,
        "score": 198,
        "grade": "E",
        "percentage": 33
    },
    {
        "name": "Melvin Koch",
        "id": 104,
        "score": 567,
        "grade": "A",
        "percentage": 94.5
    },
    {
        "name": "Shelley Rogers",
        "id": 105,
        "score": 407,
        "grade": "B",
        "percentage": 67.83
    },
    {
        "name": "Elmo Vang",
        "id": 106,
        "score": 378,
        "grade": "C",
        "percentage": 63
    },
    {
        "name": "Fritz Best",
        "id": 107,
        "score": 475,
        "grade": "B",
        "percentage": 79.17
    },
    {
        "name": "Xena Pruitt",
        "id": 108,
        "score": 598,
        "grade": "A",
        "percentage": 99.67
    },
    {
        "name": "Carissa Little",
        "id": 109,
        "score": 311,
        "grade": "C",
        "percentage": 51.83
    },
    {
        "name": "Quon Massey",
        "id": 110,
        "score": 116,
        "grade": "E",
        "percentage": 19.33
    },
    {
        "name": "Isabelle Dodson",
        "id": 111,
        "score": 334,
        "grade": "C",
        "percentage": 55.67
    },
    {
        "name": "Ciara Page",
        "id": 112,
        "score": 113,
        "grade": "E",
        "percentage": 18.83
    },
    {
        "name": "Florence Lott",
        "id": 113,
        "score": 501,
        "grade": "A",
        "percentage": 83.5
    },
    {
        "name": "Xanthus Noble",
        "id": 114,
        "score": 199,
        "grade": "E",
        "percentage": 33.17
    },
    {
        "name": "Caldwell Fleming",
        "id": 115,
        "score": 255,
        "grade": "D",
        "percentage": 42.5
    },
    {
        "name": "Jerry Ballard",
        "id": 116,
        "score": 247,
        "grade": "D",
        "percentage": 41.17
    },
    {
        "name": "Amanda Charles",
        "id": 117,
        "score": 201,
        "grade": "D",
        "percentage": 33.5
    },
    {
        "name": "Nero House",
        "id": 118,
        "score": 516,
        "grade": "A",
        "percentage": 86
    },
    {
        "name": "Lavinia Hamilton",
        "id": 119,
        "score": 424,
        "grade": "B",
        "percentage": 70.67
    },
    {
        "name": "Aline Reed",
        "id": 120,
        "score": 224,
        "grade": "D",
        "percentage": 37.33
    },
    {
        "name": "Naida Hickman",
        "id": 121,
        "score": 354,
        "grade": "C",
        "percentage": 59
    },
    {
        "name": "Rajah Flowers",
        "id": 122,
        "score": 585,
        "grade": "A",
        "percentage": 97.5
    },
    {
        "name": "Elliott Morse",
        "id": 123,
        "score": 345,
        "grade": "C",
        "percentage": 57.5
    },
    {
        "name": "Guy Madden",
        "id": 124,
        "score": 525,
        "grade": "A",
        "percentage": 87.5
    },
    {
        "name": "Idona Berger",
        "id": 125,
        "score": 434,
        "grade": "B",
        "percentage": 72.33
    },
    {
        "name": "Dillon Valentine",
        "id": 126,
        "score": 460,
        "grade": "B",
        "percentage": 76.67
    },
    {
        "name": "Vladimir Whitehead",
        "id": 127,
        "score": 224,
        "grade": "D",
        "percentage": 37.33
    },
    {
        "name": "Candace Valenzuela",
        "id": 128,
        "score": 591,
        "grade": "A",
        "percentage": 98.5
    },
    {
        "name": "Ezra Sykes",
        "id": 129,
        "score": 446,
        "grade": "B",
        "percentage": 74.33
    },
    {
        "name": "Kasimir Chase",
        "id": 130,
        "score": 352,
        "grade": "C",
        "percentage": 58.67
    },
    {
        "name": "Dean Kemp",
        "id": 131,
        "score": 489,
        "grade": "B",
        "percentage": 81.5
    },
    {
        "name": "Joshua Parsons",
        "id": 132,
        "score": 291,
        "grade": "D",
        "percentage": 48.5
    },
    {
        "name": "Linus Tate",
        "id": 133,
        "score": 224,
        "grade": "D",
        "percentage": 37.33
    },
    {
        "name": "Harper Rush",
        "id": 134,
        "score": 174,
        "grade": "E",
        "percentage": 29
    },
    {
        "name": "Eugenia Parker",
        "id": 135,
        "score": 231,
        "grade": "D",
        "percentage": 38.5
    },
    {
        "name": "Hayden Bond",
        "id": 136,
        "score": 271,
        "grade": "D",
        "percentage": 45.17
    },
    {
        "name": "Candace Romero",
        "id": 137,
        "score": 110,
        "grade": "E",
        "percentage": 18.33
    },
    {
        "name": "Brian Dean",
        "id": 138,
        "score": 143,
        "grade": "E",
        "percentage": 23.83
    },
    {
        "name": "Victor Leonard",
        "id": 139,
        "score": 318,
        "grade": "C",
        "percentage": 53
    },
    {
        "name": "Eaton Burgess",
        "id": 140,
        "score": 555,
        "grade": "A",
        "percentage": 92.5
    },
    {
        "name": "Elvis Benton",
        "id": 141,
        "score": 124,
        "grade": "E",
        "percentage": 20.67
    },
    {
        "name": "Lewis Rhodes",
        "id": 142,
        "score": 280,
        "grade": "D",
        "percentage": 46.67
    },
    {
        "name": "Hadley Sharpe",
        "id": 143,
        "score": 523,
        "grade": "A",
        "percentage": 87.17
    },
    {
        "name": "Nash Rosales",
        "id": 144,
        "score": 223,
        "grade": "D",
        "percentage": 37.17
    },
    {
        "name": "Lunea Gill",
        "id": 145,
        "score": 449,
        "grade": "B",
        "percentage": 74.83
    },
    {
        "name": "Rajah Mercer",
        "id": 146,
        "score": 104,
        "grade": "E",
        "percentage": 17.33
    },
    {
        "name": "Jana Knight",
        "id": 147,
        "score": 437,
        "grade": "B",
        "percentage": 72.83
    },
    {
        "name": "Scarlett Cantrell",
        "id": 148,
        "score": 216,
        "grade": "D",
        "percentage": 36
    },
    {
        "name": "Ferris Gaines",
        "id": 149,
        "score": 257,
        "grade": "D",
        "percentage": 42.83
    },
    {
        "name": "Brett Terrell",
        "id": 150,
        "score": 485,
        "grade": "B",
        "percentage": 80.83
    },
    {
        "name": "Adrienne Harper",
        "id": 151,
        "score": 379,
        "grade": "C",
        "percentage": 63.17
    },
    {
        "name": "Rhiannon Jacobson",
        "id": 152,
        "score": 240,
        "grade": "D",
        "percentage": 40
    },
    {
        "name": "Tallulah Bridges",
        "id": 153,
        "score": 124,
        "grade": "E",
        "percentage": 20.67
    },
    {
        "name": "Cleo Sparks",
        "id": 154,
        "score": 452,
        "grade": "B",
        "percentage": 75.33
    },
    {
        "name": "Idona Newman",
        "id": 155,
        "score": 421,
        "grade": "B",
        "percentage": 70.17
    },
    {
        "name": "Gemma Welch",
        "id": 156,
        "score": 508,
        "grade": "A",
        "percentage": 84.67
    },
    {
        "name": "Yetta Terry",
        "id": 157,
        "score": 213,
        "grade": "D",
        "percentage": 35.5
    },
    {
        "name": "Elaine Price",
        "id": 158,
        "score": 522,
        "grade": "A",
        "percentage": 87
    },
    {
        "name": "Lewis White",
        "id": 159,
        "score": 203,
        "grade": "D",
        "percentage": 33.83
    },
    {
        "name": "Hedda Hatfield",
        "id": 160,
        "score": 101,
        "grade": "E",
        "percentage": 16.83
    },
    {
        "name": "Chandler Espinoza",
        "id": 161,
        "score": 504,
        "grade": "A",
        "percentage": 84
    },
    {
        "name": "Doris Berger",
        "id": 162,
        "score": 413,
        "grade": "B",
        "percentage": 68.83
    },
    {
        "name": "Cecilia Rosario",
        "id": 163,
        "score": 489,
        "grade": "B",
        "percentage": 81.5
    },
    {
        "name": "Karen York",
        "id": 164,
        "score": 219,
        "grade": "D",
        "percentage": 36.5
    },
    {
        "name": "Alisa Keller",
        "id": 165,
        "score": 319,
        "grade": "C",
        "percentage": 53.17
    },
    {
        "name": "Miriam Goodman",
        "id": 166,
        "score": 201,
        "grade": "D",
        "percentage": 33.5
    },
    {
        "name": "Xenos Farrell",
        "id": 167,
        "score": 117,
        "grade": "E",
        "percentage": 19.5
    },
    {
        "name": "Mannix Marshall",
        "id": 168,
        "score": 595,
        "grade": "A",
        "percentage": 99.17
    },
    {
        "name": "Xavier Hampton",
        "id": 169,
        "score": 380,
        "grade": "C",
        "percentage": 63.33
    },
    {
        "name": "Drake Lynch",
        "id": 170,
        "score": 414,
        "grade": "B",
        "percentage": 69
    },
    {
        "name": "Lucius Logan",
        "id": 171,
        "score": 520,
        "grade": "A",
        "percentage": 86.67
    },
    {
        "name": "Myles Buchanan",
        "id": 172,
        "score": 181,
        "grade": "E",
        "percentage": 30.17
    },
    {
        "name": "Cassidy Hodges",
        "id": 173,
        "score": 226,
        "grade": "D",
        "percentage": 37.67
    },
    {
        "name": "Beau Larsen",
        "id": 174,
        "score": 442,
        "grade": "B",
        "percentage": 73.67
    },
    {
        "name": "Austin Knapp",
        "id": 175,
        "score": 451,
        "grade": "B",
        "percentage": 75.17
    },
    {
        "name": "Constance Richards",
        "id": 176,
        "score": 461,
        "grade": "B",
        "percentage": 76.83
    },
    {
        "name": "Macy Golden",
        "id": 177,
        "score": 359,
        "grade": "C",
        "percentage": 59.83
    },
    {
        "name": "Vivien Warren",
        "id": 178,
        "score": 557,
        "grade": "A",
        "percentage": 92.83
    },
    {
        "name": "Cassandra Bruce",
        "id": 179,
        "score": 459,
        "grade": "B",
        "percentage": 76.5
    },
    {
        "name": "Damon Madden",
        "id": 180,
        "score": 115,
        "grade": "E",
        "percentage": 19.17
    },
    {
        "name": "Claire Marquez",
        "id": 181,
        "score": 224,
        "grade": "D",
        "percentage": 37.33
    },
    {
        "name": "Rina Aguirre",
        "id": 182,
        "score": 339,
        "grade": "C",
        "percentage": 56.5
    },
    {
        "name": "Natalie Gray",
        "id": 183,
        "score": 290,
        "grade": "D",
        "percentage": 48.33
    },
    {
        "name": "Alexander Daugherty",
        "id": 184,
        "score": 163,
        "grade": "E",
        "percentage": 27.17
    },
    {
        "name": "Reuben Buck",
        "id": 185,
        "score": 329,
        "grade": "C",
        "percentage": 54.83
    },
    {
        "name": "Karen Vasquez",
        "id": 186,
        "score": 195,
        "grade": "E",
        "percentage": 32.5
    },
    {
        "name": "Delilah Nicholson",
        "id": 187,
        "score": 170,
        "grade": "E",
        "percentage": 28.33
    },
    {
        "name": "Raymond Ramos",
        "id": 188,
        "score": 315,
        "grade": "C",
        "percentage": 52.5
    },
    {
        "name": "Ferdinand Hodge",
        "id": 189,
        "score": 536,
        "grade": "A",
        "percentage": 89.33
    },
    {
        "name": "Keane Holloway",
        "id": 190,
        "score": 420,
        "grade": "B",
        "percentage": 70
    },
    {
        "name": "Tallulah Carver",
        "id": 191,
        "score": 557,
        "grade": "A",
        "percentage": 92.83
    },
    {
        "name": "Derek Battle",
        "id": 192,
        "score": 168,
        "grade": "E",
        "percentage": 28
    },
    {
        "name": "Azalia Winters",
        "id": 193,
        "score": 237,
        "grade": "D",
        "percentage": 39.5
    },
    {
        "name": "Keelie Mccray",
        "id": 194,
        "score": 393,
        "grade": "C",
        "percentage": 65.5
    },
    {
        "name": "Hakeem Pace",
        "id": 195,
        "score": 247,
        "grade": "D",
        "percentage": 41.17
    },
    {
        "name": "Nicole Hodge",
        "id": 196,
        "score": 459,
        "grade": "B",
        "percentage": 76.5
    },
    {
        "name": "Phelan Alston",
        "id": 197,
        "score": 375,
        "grade": "C",
        "percentage": 62.5
    },
    {
        "name": "Maile Fisher",
        "id": 198,
        "score": 385,
        "grade": "C",
        "percentage": 64.17
    },
    {
        "name": "Davis Adams",
        "id": 199,
        "score": 547,
        "grade": "A",
        "percentage": 91.17
    },
    {
        "name": "Farrah Boone",
        "id": 200,
        "score": 396,
        "grade": "C",
        "percentage": 66
    }
]